metric,original
precision,0.12753036437246965
recall,0.11666666666666667
f1,0.1218568665377176