metric,original
precision,0.20112781954887218
recall,0.16138763197586728
f1,0.1790794979079498