metric,original
precision,0.27291666666666664
recall,0.287701317715959
f1,0.28011404133998574