metric,original
precision,0.12021177203363438
recall,0.07820097244732577
f1,0.09475880692279366