metric,original
precision,0.32201209314293067
recall,0.21037149100689193
f1,0.25448629962889535