metric,original
precision,0.4189672293942403
recall,0.415255905511811
f1,0.4171033119130005