metric,original
precision,0.3806694681930155
recall,0.33240541566493736
f1,0.35490407997838425