metric,original
precision,0.3909963436928702
recall,0.3106954784819321
f1,0.3462511383183244